schedule_date,team_id_home,team_id_away,rain_or_snow
09/10/2009,PIT,TEN,False
09/13/2009,BAL,KC,False
09/13/2009,CAR,PHI,False
09/13/2009,CLE,MIN,False
09/13/2009,GB,CHI,False
09/13/2009,NYG,WAS,False
09/13/2009,SEA,LAR,False
09/13/2009,TB,DAL,True
09/14/2009,NE,BUF,False
09/14/2009,OAK,LAC,False
09/20/2009,DEN,CLE,False
09/20/2009,GB,CIN,True
09/20/2009,JAX,ARI,True
09/20/2009,NYJ,NE,False
09/20/2009,PHI,NO,False
09/20/2009,LAC,BAL,False
09/20/2009,SF,SEA,False
09/20/2009,TEN,HOU,True
09/21/2009,MIA,IND,False
09/27/2009,BAL,CLE,True
09/27/2009,NE,ATL,True
09/27/2009,NYJ,TEN,True
09/27/2009,OAK,DEN,False
09/27/2009,PHI,KC,True
09/27/2009,LAC,MIA,True
09/27/2009,SEA,CHI,False
09/27/2009,TB,NYG,True
10/04/2009,CLE,CIN,False
10/04/2009,DEN,DAL,False
10/04/2009,JAX,TEN,False
10/04/2009,MIA,BUF,False
10/04/2009,NE,BAL,False
10/04/2009,PIT,LAC,False
10/04/2009,SF,LAR,False
10/11/2009,BAL,CIN,False
10/11/2009,CAR,WAS,False
10/11/2009,DEN,NE,True
10/11/2009,NYG,OAK,False
10/11/2009,PHI,TB,False
10/11/2009,SF,ATL,False
10/11/2009,SEA,JAX,False
10/11/2009,TEN,IND,False
10/12/2009,MIA,NYJ,False
10/18/2009,GB,DET,False
10/18/2009,JAX,LAR,False
10/18/2009,NE,TEN,True
10/18/2009,NYJ,BUF,True
10/18/2009,OAK,PHI,False
10/18/2009,PIT,CLE,False
10/18/2009,SEA,ARI,True
10/18/2009,TB,CAR,False
10/19/2009,LAC,DEN,False
10/25/2009,CAR,BUF,False
10/25/2009,CLE,GB,False
10/25/2009,MIA,NO,False
10/25/2009,NYG,ARI,False
10/25/2009,OAK,NYJ,True
10/25/2009,PIT,MIN,False
11/01/2009,BAL,DEN,True
11/01/2009,GB,MIN,False
11/01/2009,NYJ,MIA,True
11/01/2009,PHI,NYG,True
11/01/2009,LAC,OAK,False
11/01/2009,TEN,JAX,False
11/08/2009,JAX,KC,False
11/08/2009,NE,MIA,False
11/08/2009,NYG,LAC,False
11/08/2009,PHI,DAL,False
11/08/2009,SF,TEN,False
11/08/2009,SEA,DET,True
11/08/2009,TB,GB,False
11/09/2009,DEN,PIT,False
11/12/2009,SF,CHI,False
11/15/2009,CAR,ATL,False
11/15/2009,GB,DAL,False
11/15/2009,MIA,TB,False
11/15/2009,NYJ,JAX,False
11/15/2009,OAK,KC,False
11/15/2009,PIT,CIN,False
11/15/2009,LAC,PHI,False
11/15/2009,TEN,BUF,False
11/16/2009,CLE,BAL,False
11/19/2009,CAR,MIA,True
11/22/2009,BAL,IND,False
11/22/2009,DEN,LAC,False
11/22/2009,GB,SF,False
11/22/2009,JAX,BUF,True
11/22/2009,NE,NYJ,False
11/22/2009,NYG,ATL,False
11/22/2009,OAK,CIN,False
11/22/2009,TB,NO,True
11/26/2009,DEN,NYG,False
11/29/2009,BAL,PIT,False
11/29/2009,NYJ,CAR,False
11/29/2009,PHI,WAS,False
11/29/2009,LAC,KC,False
11/29/2009,SF,JAX,False
11/29/2009,TEN,ARI,True
12/06/2009,CAR,TB,False
12/06/2009,CLE,LAC,False
12/06/2009,JAX,HOU,False
12/06/2009,MIA,NE,False
12/06/2009,NYG,DAL,False
12/06/2009,PIT,OAK,False
12/06/2009,SEA,SF,False
12/07/2009,GB,BAL,True
12/10/2009,CLE,PIT,True
12/13/2009,BAL,DET,True
12/13/2009,JAX,MIA,True
12/13/2009,NE,CAR,True
12/13/2009,NYG,PHI,True
12/13/2009,OAK,WAS,False
12/13/2009,TB,NYJ,False
12/13/2009,TEN,LAR,True
12/14/2009,SF,ARI,False
12/17/2009,JAX,IND,False
12/20/2009,BAL,CHI,False
12/20/2009,CAR,MIN,False
12/20/2009,DEN,OAK,False
12/20/2009,NYJ,ATL,True
12/20/2009,PHI,SF,True
12/20/2009,PIT,GB,True
12/20/2009,LAC,CIN,False
12/20/2009,SEA,TB,True
12/20/2009,TEN,MIA,False
12/25/2009,TEN,LAC,True
12/27/2009,CLE,OAK,True
12/27/2009,GB,SEA,False
12/27/2009,MIA,HOU,False
12/27/2009,NE,JAX,True
12/27/2009,NYG,CAR,True
12/27/2009,PHI,DEN,False
12/27/2009,PIT,BAL,True
12/27/2009,SF,DET,True
01/03/2010,CAR,NO,False
01/03/2010,CLE,JAX,True
01/03/2010,DEN,KC,False
01/03/2010,MIA,PIT,False
01/03/2010,NYJ,CIN,False
01/03/2010,OAK,BAL,False
01/03/2010,LAC,WAS,False
01/03/2010,SEA,TEN,True
01/03/2010,TB,ATL,False
01/10/2010,NE,BAL,False
01/17/2010,LAC,NYJ,True
02/07/2010,IND,NO,False
09/12/2010,JAX,DEN,True
09/12/2010,NE,CIN,False
09/12/2010,NYG,CAR,True
09/12/2010,PHI,GB,True
09/12/2010,PIT,ATL,True
09/12/2010,SEA,SF,False
09/12/2010,TB,CLE,True
09/12/2010,TEN,OAK,False
09/13/2010,NYJ,BAL,True
09/19/2010,CAR,TB,False
09/19/2010,CLE,KC,True
09/19/2010,DEN,SEA,False
09/19/2010,GB,BUF,False
09/19/2010,NYJ,NE,False
09/19/2010,OAK,LAR,False
09/19/2010,LAC,JAX,False
09/19/2010,TEN,PIT,False
09/20/2010,SF,NO,False
09/26/2010,BAL,CLE,True
09/26/2010,CAR,CIN,True
09/26/2010,DEN,IND,False
09/26/2010,JAX,PHI,True
09/26/2010,MIA,NYJ,False
09/26/2010,NE,BUF,False
09/26/2010,NYG,TEN,False
09/26/2010,SEA,LAC,True
09/26/2010,TB,PIT,True
10/03/2010,CLE,CIN,True
10/03/2010,GB,DET,False
10/03/2010,JAX,IND,False
10/03/2010,NYG,CHI,True
10/03/2010,OAK,HOU,False
10/03/2010,PHI,WAS,True
10/03/2010,PIT,BAL,True
10/03/2010,LAC,ARI,False
10/03/2010,TEN,DEN,False
10/04/2010,MIA,NE,False
10/10/2010,BAL,DEN,False
10/10/2010,CAR,CHI,False
10/10/2010,CLE,ATL,False
10/10/2010,OAK,LAC,False
10/10/2010,SF,PHI,False
10/11/2010,NYJ,MIN,True
10/17/2010,DEN,NYJ,False
10/17/2010,GB,MIA,False
10/17/2010,NE,BAL,False
10/17/2010,NYG,DET,False
10/17/2010,PHI,ATL,False
10/17/2010,PIT,CLE,False
10/17/2010,SF,OAK,True
10/17/2010,TB,NO,False
10/18/2010,JAX,TEN,False
10/24/2010,BAL,BUF,False
10/24/2010,CAR,SF,False
10/24/2010,DEN,OAK,False
10/24/2010,GB,MIN,True
10/24/2010,MIA,PIT,False
10/24/2010,LAC,NE,True
10/24/2010,SEA,ARI,True
10/24/2010,TB,LAR,False
10/24/2010,TEN,PHI,True
10/31/2010,NE,MIN,False
10/31/2010,NYJ,GB,False
10/31/2010,OAK,SEA,False
10/31/2010,LAC,TEN,True
11/07/2010,BAL,MIA,False
11/07/2010,CAR,NO,False
11/07/2010,CLE,NE,False
11/07/2010,GB,DAL,False
11/07/2010,OAK,KC,True
11/07/2010,PHI,IND,False
11/07/2010,SEA,NYG,True
11/14/2010,CLE,NYJ,True
11/14/2010,DEN,KC,False
11/14/2010,JAX,HOU,False
11/14/2010,MIA,TEN,False
11/14/2010,NYG,DAL,False
11/14/2010,PIT,NE,True
11/14/2010,SF,LAR,False
11/14/2010,TB,CAR,False
11/18/2010,MIA,CHI,False
11/21/2010,CAR,BAL,False
11/21/2010,JAX,CLE,False
11/21/2010,NE,IND,False
11/21/2010,NYJ,HOU,False
11/21/2010,PHI,NYG,False
11/21/2010,PIT,OAK,False
11/21/2010,SF,TB,True
11/21/2010,TEN,WAS,False
11/22/2010,LAC,DEN,False
11/25/2010,NYJ,CIN,True
11/28/2010,BAL,TB,False
11/28/2010,CLE,CAR,False
11/28/2010,DEN,LAR,False
11/28/2010,NYG,JAX,False
11/28/2010,OAK,MIA,False
11/28/2010,SEA,KC,False
12/02/2010,PHI,HOU,False
12/05/2010,BAL,PIT,False
12/05/2010,GB,SF,False
12/05/2010,MIA,CLE,False
12/05/2010,NYG,WAS,False
12/05/2010,LAC,OAK,False
12/05/2010,SEA,CAR,False
12/05/2010,TB,ATL,True
12/05/2010,TEN,JAX,False
12/06/2010,NE,NYJ,False
12/09/2010,TEN,IND,False
12/12/2010,CAR,ATL,True
12/12/2010,JAX,OAK,True
12/12/2010,NYJ,MIA,True
12/12/2010,PIT,CIN,True
12/12/2010,LAC,KC,False
12/12/2010,SF,SEA,False
12/16/2010,LAC,SF,True
12/19/2010,BAL,NO,False
12/19/2010,CAR,ARI,False
12/19/2010,MIA,BUF,False
12/19/2010,NE,GB,False
12/19/2010,NYG,PHI,False
12/19/2010,OAK,DEN,True
12/19/2010,PIT,NYJ,True
12/19/2010,TB,DET,False
12/19/2010,TEN,HOU,False
12/20/2010,MIN,CHI,True
12/23/2010,PIT,CAR,True
12/26/2010,CLE,BAL,True
12/26/2010,DEN,HOU,False
12/26/2010,GB,NYG,False
12/26/2010,JAX,WAS,True
12/26/2010,MIA,DET,True
12/26/2010,OAK,IND,True
12/26/2010,TB,SEA,True
12/28/2010,PHI,MIN,False
01/02/2011,BAL,CIN,True
01/02/2011,CLE,PIT,False
01/02/2011,DEN,LAC,False
01/02/2011,GB,CHI,False
01/02/2011,NE,MIA,True
01/02/2011,NYJ,BUF,True
01/02/2011,PHI,DAL,True
01/02/2011,SF,ARI,True
01/02/2011,SEA,LAR,False
01/08/2011,SEA,NO,True
01/09/2011,PHI,GB,False
01/15/2011,PIT,BAL,False
01/16/2011,NE,NYJ,True
01/23/2011,PIT,NYJ,True
09/08/2011,GB,NO,False
09/11/2011,BAL,PIT,True
09/11/2011,CLE,CIN,True
09/11/2011,JAX,TEN,False
09/11/2011,NYJ,DAL,False
09/11/2011,LAC,MIN,False
09/11/2011,SF,SEA,False
09/11/2011,TB,DET,False
09/12/2011,DEN,OAK,False
09/12/2011,MIA,NE,False
09/18/2011,CAR,GB,False
09/18/2011,DEN,CIN,True
09/18/2011,MIA,HOU,False
09/18/2011,NE,LAC,False
09/18/2011,NYJ,JAX,False
09/18/2011,PIT,SEA,False
09/18/2011,SF,DAL,False
09/18/2011,TEN,BAL,False
09/19/2011,NYG,LAR,False
09/25/2011,CAR,JAX,True
09/25/2011,CLE,MIA,True
09/25/2011,OAK,NYJ,False
09/25/2011,PHI,NYG,False
09/25/2011,LAC,KC,False
09/25/2011,SEA,ARI,True
09/25/2011,TB,ATL,True
09/25/2011,TEN,DEN,False
10/02/2011,BAL,NYJ,True
10/02/2011,CLE,TEN,True
10/02/2011,GB,DEN,False
10/02/2011,JAX,NO,False
10/02/2011,OAK,NE,False
10/02/2011,PHI,SF,True
10/02/2011,LAC,MIA,False
10/02/2011,SEA,ATL,False
10/03/2011,TB,IND,False
10/09/2011,CAR,NO,False
10/09/2011,DEN,LAC,True
10/09/2011,JAX,CIN,True
10/09/2011,NE,NYJ,False
10/09/2011,NYG,SEA,False
10/09/2011,PIT,TEN,False
10/09/2011,SF,TB,False
10/16/2011,BAL,HOU,False
10/16/2011,GB,LAR,False
10/16/2011,NE,DAL,False
10/16/2011,NYG,BUF,False
10/16/2011,OAK,CLE,False
10/16/2011,PIT,JAX,True
10/16/2011,TB,NO,False
10/17/2011,NYJ,MIA,False
10/23/2011,CAR,WAS,False
10/23/2011,CLE,SEA,False
10/23/2011,MIA,DEN,False
10/23/2011,NYJ,LAC,False
10/23/2011,OAK,KC,False
10/23/2011,TEN,HOU,False
10/24/2011,JAX,BAL,False
10/30/2011,BAL,ARI,False
10/30/2011,CAR,MIN,False
10/30/2011,DEN,DET,False
10/30/2011,NYG,MIA,False
10/30/2011,PHI,DAL,False
10/30/2011,PIT,NE,False
10/30/2011,SF,CLE,False
10/30/2011,SEA,CIN,True
10/30/2011,TEN,IND,False
11/06/2011,NE,NYG,False
11/06/2011,OAK,DEN,False
11/06/2011,PIT,BAL,False
11/06/2011,LAC,GB,True
11/06/2011,TEN,CIN,False
11/07/2011,PHI,CHI,False
11/10/2011,LAC,OAK,False
11/13/2011,CAR,TEN,False
11/13/2011,CLE,LAR,False
11/13/2011,MIA,WAS,False
11/13/2011,NYJ,NE,False
11/13/2011,PHI,ARI,False
11/13/2011,SF,NYG,False
11/13/2011,SEA,BAL,True
11/13/2011,TB,HOU,False
11/14/2011,GB,MIN,False
11/17/2011,DEN,NYJ,False
11/20/2011,BAL,CIN,True
11/20/2011,CLE,JAX,False
11/20/2011,GB,TB,False
11/20/2011,MIA,BUF,True
11/20/2011,NYG,PHI,False
11/20/2011,SF,ARI,True
11/21/2011,NE,KC,False
11/24/2011,BAL,SF,False
11/27/2011,JAX,HOU,False
11/27/2011,NYJ,BUF,False
11/27/2011,OAK,CHI,False
11/27/2011,PHI,NE,False
11/27/2011,LAC,DEN,False
11/27/2011,SEA,WAS,True
11/27/2011,TEN,TB,True
12/01/2011,SEA,PHI,False
12/04/2011,CLE,BAL,True
12/04/2011,MIA,OAK,True
12/04/2011,NE,IND,False
12/04/2011,NYG,GB,False
12/04/2011,PIT,CIN,False
12/04/2011,SF,LAR,False
12/04/2011,TB,CAR,False
12/05/2011,JAX,LAC,False
12/08/2011,PIT,CLE,False
12/11/2011,BAL,IND,False
12/11/2011,CAR,ATL,False
12/11/2011,DEN,CHI,False
12/11/2011,GB,OAK,False
12/11/2011,JAX,TB,True
12/11/2011,MIA,PHI,True
12/11/2011,NYJ,KC,False
12/11/2011,LAC,BUF,False
12/11/2011,TEN,NO,False
12/12/2011,SEA,LAR,False
12/17/2011,TB,DAL,False
12/18/2011,DEN,NE,False
12/18/2011,NYG,WAS,False
12/18/2011,OAK,DET,False
12/18/2011,PHI,NYJ,False
12/18/2011,LAC,BAL,True
12/19/2011,SF,PIT,False
12/24/2011,BAL,CLE,False
12/24/2011,CAR,TB,False
12/24/2011,NE,MIA,False
12/24/2011,NYJ,NYG,False
12/24/2011,PIT,LAR,False
12/24/2011,SEA,SF,False
12/24/2011,TEN,JAX,False
12/25/2011,GB,CHI,False
01/01/2012,CLE,PIT,True
01/01/2012,DEN,KC,False
01/01/2012,GB,DET,True
01/01/2012,JAX,IND,False
01/01/2012,MIA,NYJ,False
01/01/2012,NE,BUF,True
01/01/2012,NYG,DAL,True
01/01/2012,OAK,LAC,False
01/01/2012,PHI,WAS,True
01/08/2012,DEN,PIT,True
01/08/2012,NYG,ATL,False
01/14/2012,NE,DEN,False
01/14/2012,SF,NO,False
01/15/2012,BAL,HOU,False
01/15/2012,GB,NYG,False
01/22/2012,NE,BAL,False
01/22/2012,SF,NYG,True
09/05/2012,NYG,DAL,True
09/09/2012,CLE,PHI,True
09/09/2012,DEN,PIT,False
09/09/2012,GB,SF,False
09/09/2012,NYJ,BUF,False
09/09/2012,TB,CAR,True
09/09/2012,TEN,NE,False
09/10/2012,BAL,CIN,False
09/10/2012,OAK,LAC,False
09/13/2012,GB,CHI,False
09/16/2012,BUF,KC,False
09/16/2012,CAR,NO,True
09/16/2012,JAX,HOU,True
09/16/2012,MIA,OAK,True
09/16/2012,NE,ARI,False
09/16/2012,NYG,TB,False
09/16/2012,PHI,BAL,False
09/16/2012,PIT,NYJ,False
09/16/2012,LAC,TEN,False
09/16/2012,SF,DET,False
09/16/2012,SEA,DAL,False
09/20/2012,CAR,NYG,False
09/23/2012,BAL,NE,False
09/23/2012,CLE,BUF,True
09/23/2012,DEN,HOU,False
09/23/2012,MIA,NYJ,True
09/23/2012,OAK,PIT,False
09/23/2012,LAC,ATL,False
09/23/2012,TEN,DET,False
09/24/2012,SEA,GB,False
09/27/2012,BAL,CLE,True
09/30/2012,BUF,NE,True
09/30/2012,DEN,OAK,False
09/30/2012,GB,NO,False
09/30/2012,JAX,CIN,True
09/30/2012,NYJ,SF,True
09/30/2012,PHI,NYG,False
09/30/2012,TB,WAS,False
10/07/2012,CAR,SEA,True
10/07/2012,JAX,CHI,False
10/07/2012,NE,DEN,True
10/07/2012,NYG,CLE,True
10/07/2012,PIT,PHI,True
10/07/2012,SF,BUF,False
10/08/2012,NYJ,HOU,False
10/11/2012,TEN,PIT,False
10/14/2012,BAL,DAL,False
10/14/2012,CLE,CIN,True
10/14/2012,MIA,LAR,True
10/14/2012,NYJ,IND,False
10/14/2012,PHI,DET,False
10/14/2012,SF,NYG,False
10/14/2012,SEA,NE,True
10/14/2012,TB,KC,False
10/15/2012,LAC,DEN,False
10/18/2012,SF,SEA,False
10/21/2012,CAR,DAL,False
10/21/2012,NE,NYJ,False
10/21/2012,NYG,WAS,False
10/21/2012,OAK,JAX,True
10/21/2012,TB,NO,False
10/28/2012,CLE,LAC,True
10/28/2012,DEN,NO,False
10/28/2012,GB,JAX,False
10/28/2012,NYJ,MIA,False
10/28/2012,PHI,ATL,True
10/28/2012,PIT,WAS,True
10/28/2012,TEN,IND,False
11/01/2012,LAC,KC,False
11/04/2012,CLE,BAL,True
11/04/2012,GB,ARI,False
11/04/2012,JAX,DET,False
11/04/2012,NYG,PIT,False
11/04/2012,OAK,TB,False
11/04/2012,SEA,MIN,True
11/04/2012,TEN,CHI,False
11/08/2012,JAX,IND,False
11/11/2012,BAL,OAK,False
11/11/2012,CAR,DEN,False
11/11/2012,MIA,TEN,True
11/11/2012,NE,BUF,False
11/11/2012,PHI,DAL,False
11/11/2012,SF,LAR,False
11/11/2012,SEA,NYJ,False
11/11/2012,TB,LAC,False
11/12/2012,PIT,KC,True
11/18/2012,CAR,TB,False
11/18/2012,DEN,LAC,False
11/18/2012,NE,IND,False
11/18/2012,OAK,NO,False
11/18/2012,PIT,BAL,False
11/19/2012,SF,CHI,False
11/22/2012,NYJ,NE,False
11/25/2012,CLE,PIT,True
11/25/2012,JAX,TEN,False
11/25/2012,MIA,SEA,False
11/25/2012,NYG,GB,False
11/25/2012,LAC,BAL,True
11/25/2012,TB,ATL,False
11/26/2012,PHI,CAR,False
12/02/2012,BAL,PIT,False
12/02/2012,DEN,TB,False
12/02/2012,GB,MIN,False
12/02/2012,MIA,NE,True
12/02/2012,NYJ,ARI,True
12/02/2012,OAK,CLE,True
12/02/2012,LAC,CIN,False
12/02/2012,TEN,HOU,False
12/06/2012,OAK,DEN,False
12/09/2012,CAR,ATL,True
12/09/2012,CLE,KC,True
12/09/2012,GB,DET,True
12/09/2012,JAX,NYJ,False
12/09/2012,NYG,NO,True
12/09/2012,PIT,LAC,True
12/09/2012,SF,MIA,False
12/09/2012,SEA,ARI,False
12/09/2012,TB,PHI,False
12/10/2012,NE,HOU,True
12/13/2012,PHI,CIN,False
12/16/2012,BAL,DEN,True
12/16/2012,CLE,WAS,False
12/16/2012,MIA,JAX,True
12/16/2012,NE,SF,True
12/16/2012,OAK,KC,False
12/16/2012,LAC,CAR,True
12/17/2012,TEN,NYJ,True
12/23/2012,BAL,NYG,False
12/23/2012,CAR,OAK,False
12/23/2012,DEN,CLE,False
12/23/2012,GB,TEN,False
12/23/2012,JAX,NE,False
12/23/2012,MIA,BUF,False
12/23/2012,NYJ,LAC,False
12/23/2012,PHI,WAS,False
12/23/2012,PIT,CIN,False
12/23/2012,SEA,SF,True
12/23/2012,TB,LAR,False
12/30/2012,BUF,NYJ,True
12/30/2012,DEN,KC,False
12/30/2012,NE,MIA,True
12/30/2012,NYG,PHI,False
12/30/2012,PIT,CLE,True
12/30/2012,LAC,OAK,True
12/30/2012,SF,ARI,False
12/30/2012,SEA,LAR,False
12/30/2012,TEN,JAX,False
01/05/2013,GB,MIN,False
01/06/2013,BAL,IND,False
01/12/2013,DEN,BAL,True
01/12/2013,SF,GB,False
01/13/2013,NE,HOU,False
01/20/2013,NE,BAL,False
09/05/2013,DEN,BAL,False
09/08/2013,BUF,NE,True
09/08/2013,CAR,SEA,False
09/08/2013,CLE,MIA,False
09/08/2013,JAX,KC,False
09/08/2013,NYJ,TB,False
09/08/2013,PIT,TEN,False
09/08/2013,SF,GB,False
09/09/2013,LAC,HOU,False
09/12/2013,NE,NYJ,True
09/15/2013,BAL,CLE,False
09/15/2013,BUF,CAR,False
09/15/2013,GB,WAS,True
09/15/2013,NYG,DEN,False
09/15/2013,OAK,JAX,False
09/15/2013,PHI,LAC,False
09/15/2013,SEA,SF,False
09/15/2013,TB,NO,True
09/19/2013,PHI,KC,False
09/22/2013,BAL,HOU,False
09/22/2013,CAR,NYG,False
09/22/2013,MIA,ATL,False
09/22/2013,NE,TB,True
09/22/2013,NYJ,BUF,True
09/22/2013,PIT,CHI,False
09/22/2013,SF,IND,False
09/22/2013,SEA,JAX,False
09/22/2013,TEN,LAC,False
09/23/2013,DEN,OAK,True
09/29/2013,BUF,BAL,False
09/29/2013,CLE,CIN,True
09/29/2013,DEN,PHI,False
09/29/2013,JAX,IND,False
09/29/2013,OAK,WAS,False
09/29/2013,LAC,DAL,False
09/29/2013,TB,ARI,False
09/29/2013,TEN,NYJ,True
10/03/2013,CLE,BUF,False
10/06/2013,GB,DET,True
10/06/2013,MIA,BAL,False
10/06/2013,NYG,PHI,False
10/06/2013,OAK,LAC,False
10/06/2013,SF,HOU,False
10/06/2013,TEN,KC,True
10/13/2013,BAL,GB,True
10/13/2013,CLE,DET,False
10/13/2013,DEN,JAX,False
10/13/2013,NE,NO,False
10/13/2013,NYJ,PIT,False
10/13/2013,SF,ARI,False
10/13/2013,SEA,TEN,True
10/13/2013,TB,PHI,False
10/14/2013,LAC,IND,True
10/20/2013,CAR,LAR,False
10/20/2013,GB,CLE,True
10/20/2013,JAX,LAC,False
10/20/2013,MIA,BUF,True
10/20/2013,NYJ,NE,False
10/20/2013,PHI,DAL,False
10/20/2013,PIT,BAL,False
10/20/2013,TEN,SF,False
10/21/2013,NYG,MIN,False
10/24/2013,TB,CAR,False
10/27/2013,DEN,WAS,False
10/27/2013,NE,MIA,True
10/27/2013,OAK,PIT,True
10/27/2013,PHI,NYG,False
10/31/2013,MIA,CIN,True
11/03/2013,CAR,ATL,False
11/03/2013,CLE,BAL,False
11/03/2013,NE,PIT,False
11/03/2013,NYJ,NO,False
11/03/2013,OAK,PHI,False
11/03/2013,SEA,TB,False
11/04/2013,GB,CHI,False
11/10/2013,BAL,CIN,False
11/10/2013,GB,PHI,False
11/10/2013,NYG,OAK,False
11/10/2013,PIT,BUF,False
11/10/2013,LAC,DEN,False
11/10/2013,SF,CAR,False
11/10/2013,TEN,JAX,False
11/11/2013,TB,MIA,False
11/14/2013,TEN,IND,False
11/17/2013,DEN,KC,False
11/17/2013,JAX,ARI,True
11/17/2013,MIA,LAC,False
11/17/2013,NYG,GB,False
11/17/2013,PHI,WAS,False
11/17/2013,PIT,DET,True
11/17/2013,SEA,MIN,True
11/17/2013,TB,ATL,False
11/18/2013,CAR,NE,True
11/24/2013,BAL,NYJ,False
11/24/2013,CLE,PIT,False
11/24/2013,GB,MIN,False
11/24/2013,MIA,CAR,True
11/24/2013,NE,DEN,False
11/24/2013,NYG,DAL,False
11/24/2013,OAK,TEN,False
11/28/2013,BAL,PIT,False
12/01/2013,CAR,TB,False
12/01/2013,CLE,JAX,False
12/01/2013,NYJ,MIA,False
12/01/2013,PHI,ARI,False
12/01/2013,LAC,CIN,False
12/01/2013,SF,LAR,False
12/02/2013,SEA,NO,False
12/05/2013,JAX,HOU,False
12/08/2013,BAL,MIN,True
12/08/2013,DEN,TEN,False
12/08/2013,GB,ATL,True
12/08/2013,NE,CLE,False
12/08/2013,NYJ,OAK,True
12/08/2013,PHI,DET,True
12/08/2013,PIT,MIA,True
12/08/2013,LAC,NYG,False
12/08/2013,SF,SEA,False
12/08/2013,TB,BUF,False
12/12/2013,DEN,LAC,False
12/15/2013,CAR,NYJ,True
12/15/2013,CLE,CHI,True
12/15/2013,JAX,BUF,True
12/15/2013,MIA,NE,False
12/15/2013,NYG,SEA,True
12/15/2013,PIT,CIN,True
12/15/2013,TB,SF,True
12/15/2013,TEN,ARI,False
12/22/2013,BAL,NE,True
12/22/2013,CAR,NO,True
12/22/2013,GB,PIT,True
12/22/2013,JAX,TEN,False
12/22/2013,NYJ,CLE,True
12/22/2013,PHI,CHI,True
12/22/2013,LAC,OAK,False
12/22/2013,SEA,ARI,True
12/23/2013,SF,ATL,False
12/29/2013,MIA,NYJ,False
12/29/2013,NE,BUF,True
12/29/2013,NYG,WAS,True
12/29/2013,OAK,DEN,False
12/29/2013,PIT,CLE,True
12/29/2013,LAC,KC,False
12/29/2013,SEA,LAR,False
12/29/2013,TEN,HOU,True
01/04/2014,PHI,NO,False
01/05/2014,GB,SF,False
01/11/2014,NE,IND,True
01/11/2014,SEA,NO,True
01/12/2014,CAR,SF,False
01/12/2014,DEN,LAC,False
01/19/2014,DEN,NE,False
01/19/2014,SEA,SF,False
02/02/2014,DEN,SEA,True
09/04/2014,SEA,GB,False
09/07/2014,BAL,CIN,False
09/07/2014,DEN,IND,False
09/07/2014,MIA,NE,True
09/07/2014,NYJ,OAK,False
09/07/2014,PHI,JAX,False
09/07/2014,PIT,CLE,False
09/07/2014,TB,CAR,False
09/11/2014,BAL,PIT,False
09/14/2014,BUF,MIA,True
09/14/2014,CAR,DET,False
09/14/2014,CLE,NO,False
09/14/2014,DEN,KC,False
09/14/2014,GB,NYJ,False
09/14/2014,MIN,NE,False
09/14/2014,NYG,ARI,False
09/14/2014,OAK,HOU,False
09/14/2014,LAC,SEA,False
09/14/2014,SF,CHI,False
09/14/2014,TB,LAR,True
09/14/2014,TEN,DAL,False
09/21/2014,BUF,LAC,True
09/21/2014,CAR,PIT,False
09/21/2014,CLE,BAL,True
09/21/2014,JAX,IND,False
09/21/2014,MIA,KC,True
09/21/2014,NE,OAK,False
09/21/2014,NYG,HOU,True
09/21/2014,PHI,WAS,False
09/22/2014,NYJ,CHI,False
09/28/2014,BAL,CAR,False
09/28/2014,MIN,ATL,False
09/28/2014,NYJ,DET,False
09/28/2014,PIT,TB,False
09/28/2014,LAC,JAX,False
09/28/2014,SF,PHI,False
10/02/2014,GB,MIN,True
10/05/2014,CAR,CHI,False
10/05/2014,DEN,ARI,False
10/05/2014,JAX,PIT,False
10/05/2014,NE,CIN,False
10/05/2014,NYG,ATL,False
10/05/2014,PHI,LAR,False
10/05/2014,LAC,NYJ,False
10/05/2014,SF,KC,False
10/05/2014,TEN,CLE,False
10/12/2014,BUF,NE,False
10/12/2014,CLE,PIT,False
10/12/2014,MIA,GB,True
10/12/2014,MIN,DET,False
10/12/2014,NYJ,DEN,False
10/12/2014,OAK,LAC,False
10/12/2014,PHI,NYG,False
10/12/2014,SEA,DAL,True
10/12/2014,TB,BAL,False
10/12/2014,TEN,JAX,True
10/16/2014,NE,NYJ,True
10/19/2014,BAL,ATL,False
10/19/2014,DEN,SF,False
10/19/2014,GB,CAR,False
10/19/2014,JAX,CLE,False
10/19/2014,OAK,ARI,False
10/19/2014,LAC,KC,False
10/20/2014,PIT,HOU,True
10/23/2014,DEN,LAC,False
10/26/2014,CAR,SEA,False
10/26/2014,CLE,OAK,False
10/26/2014,JAX,MIA,False
10/26/2014,NE,CHI,False
10/26/2014,NYJ,BUF,False
10/26/2014,PIT,IND,False
10/26/2014,TB,MIN,False
10/26/2014,TEN,HOU,False
10/30/2014,CAR,NO,False
11/02/2014,CLE,TB,False
11/02/2014,MIA,LAC,False
11/02/2014,MIN,WAS,False
11/02/2014,NE,DEN,True
11/02/2014,PIT,BAL,False
11/02/2014,SF,LAR,False
11/02/2014,SEA,OAK,True
11/03/2014,NYG,IND,False
11/09/2014,BAL,TEN,False
11/09/2014,GB,CHI,True
11/09/2014,NYJ,PIT,False
11/09/2014,OAK,DEN,False
11/09/2014,SEA,NYG,True
11/09/2014,TB,ATL,True
11/10/2014,PHI,CAR,False
11/13/2014,MIA,BUF,False
11/16/2014,CAR,ATL,False
11/16/2014,CLE,HOU,True
11/16/2014,GB,PHI,True
11/16/2014,NYG,SF,True
11/16/2014,LAC,OAK,False
11/17/2014,TEN,PIT,True
11/20/2014,OAK,KC,True
11/23/2014,DEN,MIA,False
11/23/2014,MIN,GB,True
11/23/2014,NE,DET,False
11/23/2014,NYG,DAL,False
11/23/2014,PHI,TEN,False
11/23/2014,LAC,LAR,False
11/23/2014,SF,WAS,False
11/23/2014,SEA,ARI,True
11/27/2014,SF,SEA,False
11/30/2014,BAL,LAC,False
11/30/2014,GB,NE,False
11/30/2014,JAX,NYG,False
11/30/2014,MIN,CAR,False
11/30/2014,PIT,NO,False
11/30/2014,TB,CIN,False
12/01/2014,NYJ,MIA,True
12/07/2014,CLE,IND,False
12/07/2014,DEN,BUF,False
12/07/2014,JAX,HOU,False
12/07/2014,MIA,BAL,False
12/07/2014,MIN,NYJ,True
12/07/2014,OAK,SF,True
12/07/2014,PHI,SEA,False
12/07/2014,LAC,NE,False
12/07/2014,TEN,NYG,False
12/08/2014,GB,ATL,True
12/14/2014,BAL,JAX,False
12/14/2014,CAR,TB,False
12/14/2014,CLE,CIN,False
12/14/2014,NE,MIA,False
12/14/2014,NYG,WAS,False
12/14/2014,PHI,DAL,False
12/14/2014,LAC,DEN,False
12/14/2014,TEN,NYJ,False
12/18/2014,JAX,TEN,False
12/20/2014,SF,LAC,True
12/21/2014,CAR,CLE,False
12/21/2014,MIA,MIN,False
12/21/2014,NYJ,NE,False
12/21/2014,OAK,BUF,True
12/21/2014,PIT,KC,False
12/21/2014,TB,GB,True
12/28/2014,BAL,CLE,True
12/28/2014,DEN,OAK,False
12/28/2014,GB,DET,False
12/28/2014,MIA,NYJ,False
12/28/2014,MIN,CHI,False
12/28/2014,NE,BUF,True
12/28/2014,NYG,PHI,True
12/28/2014,PIT,CIN,True
12/28/2014,SF,ARI,False
12/28/2014,SEA,LAR,False
12/28/2014,TB,NO,False
12/28/2014,TEN,IND,True
01/03/2015,CAR,ARI,True
01/03/2015,PIT,BAL,True
01/10/2015,NE,BAL,False
01/11/2015,DEN,IND,False
01/11/2015,GB,DAL,False
01/18/2015,NE,IND,True
09/10/2015,NE,PIT,True
09/13/2015,BUF,IND,True
09/13/2015,DEN,BAL,False
09/13/2015,JAX,CAR,False
09/13/2015,NYJ,CLE,True
09/13/2015,OAK,CIN,False
09/13/2015,LAC,DET,False
09/13/2015,TB,TEN,True
09/14/2015,SF,MIN,False
09/20/2015,BUF,NE,True
09/20/2015,CAR,HOU,False
09/20/2015,CLE,TEN,False
09/20/2015,GB,SEA,False
09/20/2015,JAX,MIA,False
09/20/2015,MIN,DET,True
09/20/2015,NYG,ATL,False
09/20/2015,OAK,BAL,False
09/20/2015,PHI,DAL,False
09/20/2015,PIT,SF,False
09/24/2015,NYG,WAS,False
09/27/2015,BAL,CIN,False
09/27/2015,CAR,NO,True
09/27/2015,CLE,OAK,False
09/27/2015,MIA,BUF,False
09/27/2015,MIN,LAC,False
09/27/2015,NE,JAX,False
09/27/2015,NYJ,PHI,False
09/27/2015,TEN,IND,False
09/28/2015,GB,KC,True
10/01/2015,PIT,BAL,False
10/04/2015,BUF,NYG,True
10/04/2015,DEN,MIN,True
10/04/2015,LAC,CLE,True
10/04/2015,SF,GB,False
10/04/2015,TB,CAR,True
10/11/2015,BAL,CLE,False
10/11/2015,GB,LAR,False
10/11/2015,NYG,SF,False
10/11/2015,OAK,DEN,False
10/11/2015,PHI,NO,False
10/11/2015,TB,JAX,False
10/11/2015,TEN,BUF,False
10/12/2015,LAC,PIT,False
10/18/2015,CLE,DEN,False
10/18/2015,GB,LAC,False
10/18/2015,JAX,HOU,False
10/18/2015,MIN,KC,False
10/18/2015,NYJ,WAS,False
10/18/2015,PIT,ARI,True
10/18/2015,SF,BAL,False
10/18/2015,TEN,MIA,False
10/19/2015,PHI,NYG,False
10/22/2015,SF,SEA,False
10/25/2015,CAR,PHI,False
10/25/2015,KC,PIT,False
10/25/2015,MIA,HOU,False
10/25/2015,NE,NYJ,False
10/25/2015,NYG,DAL,True
10/25/2015,LAC,OAK,False
10/25/2015,TEN,ATL,True
10/29/2015,NE,MIA,True
11/01/2015,BAL,LAC,True
11/01/2015,CLE,ARI,True
11/01/2015,DEN,GB,False
11/01/2015,OAK,NYJ,True
11/01/2015,PIT,CIN,True
11/02/2015,CAR,IND,True
11/08/2015,CAR,GB,True
11/08/2015,MIN,LAR,False
11/08/2015,NE,WAS,False
11/08/2015,NYJ,JAX,False
11/08/2015,PIT,OAK,False
11/08/2015,SF,ATL,True
11/08/2015,TB,NYG,False
11/09/2015,LAC,CHI,True
11/12/2015,NYJ,BUF,False
11/15/2015,BAL,JAX,False
11/15/2015,DEN,KC,False
11/15/2015,GB,DET,False
11/15/2015,NYG,NE,False
11/15/2015,OAK,MIN,True
11/15/2015,PHI,MIA,False
11/15/2015,PIT,CLE,False
11/15/2015,TB,DAL,False
11/15/2015,TEN,CAR,False
11/19/2015,JAX,TEN,True
11/22/2015,BAL,LAR,False
11/22/2015,CAR,WAS,False
11/22/2015,MIA,DAL,True
11/22/2015,MIN,GB,False
11/22/2015,PHI,TB,False
11/22/2015,LAC,KC,False
11/23/2015,NE,BUF,True
11/26/2015,GB,CHI,True
11/29/2015,DEN,NE,False
11/29/2015,JAX,LAC,False
11/29/2015,KC,BUF,True
11/29/2015,NYJ,MIA,False
11/29/2015,SF,ARI,False
11/29/2015,TEN,OAK,True
11/30/2015,CLE,BAL,False
12/06/2015,CLE,CIN,False
12/06/2015,MIA,BAL,False
12/06/2015,MIN,SEA,False
12/06/2015,NE,PHI,False
12/06/2015,NYG,NYJ,False
12/06/2015,OAK,KC,True
12/06/2015,PIT,IND,False
12/06/2015,LAC,DEN,False
12/06/2015,TB,ATL,False
12/06/2015,TEN,JAX,False
12/13/2015,BAL,SEA,False
12/13/2015,CAR,ATL,False
12/13/2015,CLE,SF,False
12/13/2015,DEN,OAK,True
12/13/2015,GB,DAL,True
12/13/2015,JAX,IND,True
12/13/2015,NYJ,TEN,False
12/13/2015,PHI,BUF,False
12/13/2015,TB,NO,False
12/14/2015,MIA,NYG,True
12/20/2015,BAL,KC,False
12/20/2015,JAX,ATL,False
12/20/2015,MIN,CHI,False
12/20/2015,NE,TEN,False
12/20/2015,NYG,CAR,False
12/20/2015,OAK,GB,True
12/20/2015,PHI,ARI,False
12/20/2015,PIT,DEN,False
12/20/2015,LAC,MIA,False
12/20/2015,SF,CIN,True
12/24/2015,OAK,LAC,True
12/26/2015,PHI,WAS,False
12/27/2015,BAL,PIT,True
12/27/2015,KC,CLE,True
12/27/2015,MIA,IND,True
12/27/2015,MIN,NYG,False
12/27/2015,NYJ,NE,True
12/27/2015,TB,CHI,False
12/27/2015,TEN,HOU,False
12/28/2015,DEN,CIN,False
01/03/2016,CAR,TB,False
01/03/2016,CLE,PIT,True
01/03/2016,DEN,LAC,False
01/03/2016,GB,MIN,False
01/03/2016,KC,OAK,False
01/03/2016,MIA,NE,True
01/03/2016,NYG,PHI,False
01/03/2016,SF,LAR,True
01/10/2016,MIN,SEA,False
01/16/2016,NE,KC,True
01/17/2016,CAR,SEA,True
01/17/2016,DEN,PIT,False
01/24/2016,CAR,ARI,False
01/24/2016,DEN,NE,False
02/07/2016,DEN,CAR,False
09/08/2016,DEN,CAR,False
09/11/2016,BAL,BUF,False
09/11/2016,JAX,GB,False
09/11/2016,KC,LAC,False
09/11/2016,NYJ,CIN,False
09/11/2016,PHI,CLE,False
09/11/2016,TEN,MIN,False
09/12/2016,SF,LAR,False
09/15/2016,BUF,NYJ,True
09/18/2016,CAR,SF,False
09/18/2016,CLE,BAL,False
09/18/2016,DEN,IND,False
09/18/2016,LAR,SEA,False
09/18/2016,NE,MIA,True
09/18/2016,NYG,NO,False
09/18/2016,OAK,ATL,False
09/18/2016,PIT,CIN,True
09/18/2016,LAC,JAX,False
09/22/2016,NE,HOU,False
09/25/2016,CAR,MIN,False
09/25/2016,GB,DET,True
09/25/2016,JAX,BAL,False
09/25/2016,MIA,CLE,False
09/25/2016,NYG,WAS,False
09/25/2016,PHI,PIT,False
09/25/2016,TB,LAR,True
09/25/2016,TEN,OAK,False
10/02/2016,BAL,OAK,True
10/02/2016,NE,BUF,True
10/02/2016,NYJ,SEA,False
10/02/2016,PIT,KC,True
10/02/2016,SF,DAL,False
10/02/2016,TB,DEN,True
10/06/2016,SF,ARI,False
10/09/2016,BAL,WAS,True
10/09/2016,CLE,NE,False
10/09/2016,DEN,ATL,False
10/09/2016,GB,NYG,False
10/09/2016,LAR,BUF,False
10/09/2016,MIA,TEN,False
10/09/2016,OAK,LAC,False
10/09/2016,PIT,NYJ,False
10/10/2016,CAR,TB,False
10/13/2016,LAC,DEN,False
10/16/2016,GB,DAL,False
10/16/2016,MIA,PIT,True
10/16/2016,NE,CIN,False
10/16/2016,NYG,BAL,False
10/16/2016,OAK,KC,True
10/16/2016,TEN,CLE,False
10/20/2016,GB,CHI,False
10/23/2016,JAX,OAK,False
10/23/2016,MIA,BUF,False
10/23/2016,NYJ,BAL,False
10/23/2016,PHI,MIN,False
10/23/2016,PIT,NE,False
10/23/2016,SF,TB,False
10/23/2016,TEN,IND,False
10/24/2016,DEN,HOU,False
10/27/2016,TEN,JAX,False
10/30/2016,CAR,ARI,False
10/30/2016,CLE,NYJ,True
10/30/2016,DEN,LAC,False
10/30/2016,TB,OAK,False
11/03/2016,TB,ATL,False
11/06/2016,BAL,PIT,False
11/06/2016,CLE,DAL,False
11/06/2016,GB,IND,False
11/06/2016,LAR,CAR,False
11/06/2016,MIA,NYJ,True
11/06/2016,NYG,PHI,False
11/06/2016,OAK,DEN,False
11/06/2016,LAC,TEN,False
11/06/2016,SF,NO,False
11/10/2016,BAL,CLE,False
11/13/2016,CAR,KC,True
11/13/2016,JAX,HOU,False
11/13/2016,NE,SEA,False
11/13/2016,NYJ,LAR,False
11/13/2016,PHI,ATL,False
11/13/2016,PIT,DAL,False
11/13/2016,LAC,MIA,False
11/13/2016,TB,CHI,False
11/13/2016,TEN,GB,False
11/14/2016,NYG,CIN,False
11/17/2016,CAR,NO,False
11/20/2016,CLE,PIT,True
11/20/2016,KC,TB,False
11/20/2016,LAR,MIA,True
11/20/2016,NYG,CHI,True
11/20/2016,SF,NE,True
11/27/2016,BAL,CIN,False
11/27/2016,CLE,NYG,False
11/27/2016,DEN,KC,False
11/27/2016,MIA,SF,False
11/27/2016,NYJ,NE,False
11/27/2016,OAK,CAR,True
11/27/2016,TB,SEA,False
11/28/2016,PHI,GB,False
12/04/2016,BAL,MIA,True
12/04/2016,GB,HOU,True
12/04/2016,JAX,DEN,False
12/04/2016,NE,LAR,False
12/04/2016,OAK,BUF,False
12/04/2016,PIT,NYG,True
12/05/2016,NYJ,IND,True
12/11/2016,CAR,LAC,False
12/11/2016,CLE,CIN,True
12/11/2016,GB,SEA,True
12/11/2016,JAX,MIN,False
12/11/2016,LAR,ATL,True
12/11/2016,MIA,ARI,True
12/11/2016,NYG,DAL,True
12/11/2016,PHI,WAS,False
12/11/2016,SF,NYJ,False
12/11/2016,TB,NO,False
12/11/2016,TEN,DEN,True
12/12/2016,NE,BAL,True
12/17/2016,NYJ,MIA,True
12/18/2016,BAL,PHI,True
12/18/2016,DEN,NE,True
12/18/2016,KC,TEN,True
12/18/2016,NYG,DET,True
12/18/2016,LAC,OAK,False
12/22/2016,PHI,NYG,False
12/24/2016,CAR,ATL,False
12/24/2016,CLE,LAC,True
12/24/2016,GB,MIN,False
12/24/2016,JAX,TEN,False
12/24/2016,LAR,SF,True
12/24/2016,NE,NYJ,True
12/24/2016,OAK,IND,False
12/25/2016,PIT,BAL,False
01/01/2017,DEN,OAK,False
01/01/2017,LAR,ARI,False
01/01/2017,MIA,NE,False
01/01/2017,NYJ,BUF,False
01/01/2017,PHI,DAL,False
01/01/2017,PIT,CLE,True
01/01/2017,LAC,KC,True
01/01/2017,SF,SEA,True
01/01/2017,TB,CAR,False
01/01/2017,TEN,HOU,False
01/08/2017,GB,NYG,False
01/08/2017,PIT,MIA,False
01/14/2017,NE,HOU,False
01/22/2017,NE,PIT,True
09/07/2017,NE,KC,True
09/10/2017,CLE,PIT,False
09/10/2017,GB,SEA,False
09/10/2017,LAR,IND,False
09/10/2017,SF,CAR,False
09/10/2017,TEN,OAK,False
09/11/2017,DEN,LAC,False
09/17/2017,BAL,CLE,False
09/17/2017,CAR,BUF,False
09/17/2017,DEN,DAL,False
09/17/2017,JAX,TEN,False
09/17/2017,KC,PHI,True
09/17/2017,LAC,MIA,False
09/17/2017,LAR,WAS,False
09/17/2017,OAK,NYJ,False
09/17/2017,PIT,MIN,False
09/17/2017,TB,CHI,False
09/18/2017,NYG,DET,False
09/21/2017,SF,LAR,False
09/24/2017,BUF,DEN,False
09/24/2017,CAR,NO,False
09/24/2017,GB,CIN,False
09/24/2017,LAC,KC,False
09/24/2017,NE,HOU,False
09/24/2017,NYJ,MIA,False
09/24/2017,PHI,NYG,False
09/24/2017,TEN,SEA,False
09/28/2017,GB,CHI,True
10/01/2017,BAL,PIT,False
10/01/2017,CLE,CIN,False
10/01/2017,DEN,OAK,False
10/01/2017,LAC,PHI,False
10/01/2017,NE,CAR,False
10/01/2017,NYJ,JAX,False
10/01/2017,TB,NYG,True
10/02/2017,KC,WAS,False
10/05/2017,TB,NE,True
10/08/2017,CLE,NYJ,True
10/08/2017,LAR,SEA,False
10/08/2017,MIA,TEN,False
10/08/2017,NYG,LAC,True
10/08/2017,OAK,BAL,False
10/08/2017,PHI,ARI,True
10/08/2017,PIT,JAX,True
10/12/2017,CAR,PHI,False
10/15/2017,BAL,CHI,False
10/15/2017,DEN,NYG,False
10/15/2017,KC,PIT,True
10/15/2017,NYJ,NE,False
10/15/2017,OAK,LAC,False
10/16/2017,TEN,IND,False
10/19/2017,OAK,KC,True
10/22/2017,CLE,TEN,False
10/22/2017,GB,NO,True
10/22/2017,LAC,DEN,False
10/22/2017,MIA,NYJ,False
10/22/2017,NE,ATL,False
10/22/2017,NYG,SEA,False
10/22/2017,PIT,CIN,False
10/22/2017,SF,DAL,False
10/23/2017,PHI,WAS,False
10/26/2017,BAL,MIA,False
10/29/2017,NE,LAC,True
10/29/2017,NYJ,ATL,True
10/29/2017,PHI,SF,True
10/29/2017,TB,CAR,True
11/02/2017,NYJ,BUF,False
11/05/2017,CAR,ATL,False
11/05/2017,JAX,CIN,False
11/05/2017,MIA,OAK,False
11/05/2017,NYG,LAR,True
11/05/2017,PHI,DEN,True
11/05/2017,SF,ARI,False
11/05/2017,TEN,BAL,False
11/06/2017,GB,DET,False
11/12/2017,DEN,NE,False
11/12/2017,JAX,LAC,False
11/12/2017,LAR,HOU,False
11/12/2017,SF,NYG,False
11/12/2017,TB,NYJ,True
11/12/2017,TEN,CIN,False
11/13/2017,CAR,MIA,True
11/16/2017,PIT,TEN,False
11/19/2017,CLE,JAX,True
11/19/2017,DEN,CIN,False
11/19/2017,GB,BAL,False
11/19/2017,LAC,BUF,False
11/19/2017,MIA,TB,False
11/19/2017,NYG,KC,True
11/26/2017,KC,BUF,False
11/26/2017,LAR,NO,False
11/26/2017,NE,MIA,False
11/26/2017,NYJ,CAR,False
11/26/2017,OAK,DEN,True
11/26/2017,PHI,CHI,False
11/26/2017,PIT,GB,False
11/26/2017,SF,SEA,True
11/27/2017,BAL,HOU,False
12/03/2017,BAL,DET,True
12/03/2017,GB,TB,False
12/03/2017,JAX,IND,False
12/03/2017,LAC,CLE,False
12/03/2017,MIA,DEN,False
12/03/2017,NYJ,KC,False
12/03/2017,OAK,NYG,True
12/03/2017,TEN,HOU,False
12/10/2017,CAR,MIN,False
12/10/2017,CLE,GB,False
12/10/2017,DEN,NYJ,False
12/10/2017,JAX,SEA,False
12/10/2017,KC,OAK,False
12/10/2017,LAC,WAS,False
12/10/2017,LAR,PHI,False
12/10/2017,NYG,DAL,False
12/10/2017,PIT,BAL,True
12/10/2017,TB,DET,False
12/11/2017,MIA,NE,False
12/16/2017,KC,LAC,False
12/17/2017,CAR,GB,False
12/17/2017,CLE,BAL,False
12/17/2017,JAX,HOU,False
12/17/2017,NYG,PHI,False
12/17/2017,OAK,DAL,False
12/17/2017,PIT,NE,True
12/17/2017,SF,TEN,False
12/18/2017,TB,ATL,False
12/23/2017,BAL,IND,True
12/23/2017,GB,MIN,False
12/24/2017,CAR,TB,False
12/24/2017,KC,MIA,True
12/24/2017,NE,BUF,False
12/24/2017,NYJ,LAC,False
12/24/2017,SF,JAX,False
12/24/2017,TEN,LAR,True
12/25/2017,PHI,OAK,True
12/31/2017,BAL,CIN,False
12/31/2017,DEN,KC,False
12/31/2017,LAC,OAK,False
12/31/2017,LAR,SF,False
12/31/2017,MIA,BUF,False
12/31/2017,NE,NYJ,False
12/31/2017,NYG,WAS,False
12/31/2017,PHI,DAL,False
12/31/2017,PIT,CLE,True
12/31/2017,TB,NO,False
12/31/2017,TEN,JAX,False
01/06/2018,KC,TEN,False
01/06/2018,LAR,ATL,False
01/07/2018,JAX,BUF,False
01/13/2018,NE,TEN,True
01/13/2018,PHI,ATL,True
01/14/2018,PIT,JAX,False
01/21/2018,NE,JAX,False
01/21/2018,PHI,MIN,False
09/06/2018,PHI,ATL,True
09/09/2018,BAL,BUF,True
09/09/2018,CAR,DAL,True
09/09/2018,CLE,PIT,True
09/09/2018,DEN,SEA,True
09/09/2018,GB,CHI,False
09/09/2018,LAC,KC,False
09/09/2018,MIA,TEN,True
09/09/2018,NE,HOU,False
09/09/2018,NYG,JAX,True
09/10/2018,OAK,LAR,False
09/16/2018,DEN,OAK,False
09/16/2018,GB,MIN,False
09/16/2018,JAX,NE,False
09/16/2018,LAR,ARI,False
09/16/2018,NYJ,MIA,False
09/16/2018,PIT,KC,False
09/16/2018,SF,DET,False
09/16/2018,TB,PHI,False
09/16/2018,TEN,HOU,False
09/20/2018,CLE,NYJ,False
09/23/2018,BAL,DEN,True
09/23/2018,CAR,CIN,False
09/23/2018,KC,SF,False
09/23/2018,LAR,LAC,False
09/23/2018,MIA,OAK,False
09/23/2018,PHI,IND,True
09/24/2018,TB,PIT,True
09/27/2018,LAR,MIN,False
09/30/2018,GB,BUF,False
09/30/2018,LAC,SF,False
09/30/2018,NE,MIA,False
09/30/2018,NYG,NO,False
09/30/2018,OAK,CLE,False
09/30/2018,PIT,BAL,False
09/30/2018,TEN,PHI,False
10/01/2018,DEN,KC,False
10/04/2018,NE,IND,False
10/07/2018,CAR,NYG,False
10/07/2018,CLE,BAL,True
10/07/2018,KC,JAX,True
10/07/2018,LAC,OAK,False
10/07/2018,NYJ,DEN,False
10/07/2018,PHI,MIN,False
10/07/2018,PIT,ATL,False
10/07/2018,SF,ARI,False
10/11/2018,NYG,PHI,True
10/14/2018,CLE,LAC,False
10/14/2018,DEN,LAR,True
10/14/2018,MIA,CHI,True
10/14/2018,NE,KC,False
10/14/2018,NYJ,IND,False
10/14/2018,TEN,BAL,True
10/15/2018,GB,SF,False
10/21/2018,BAL,NO,False
10/21/2018,KC,CIN,False
10/21/2018,MIA,DET,False
10/21/2018,NYJ,MIN,False
10/21/2018,PHI,CAR,False
10/21/2018,SF,LAR,False
10/21/2018,TB,CLE,False
10/28/2018,CAR,BAL,False
10/28/2018,KC,DEN,False
10/28/2018,LAR,GB,False
10/28/2018,NYG,WAS,True
10/28/2018,OAK,IND,False
10/28/2018,PIT,CLE,True
11/01/2018,SF,OAK,False
11/04/2018,BAL,PIT,False
11/04/2018,CAR,TB,True
11/04/2018,CLE,KC,False
11/04/2018,DEN,HOU,True
11/04/2018,MIA,NYJ,True
11/04/2018,NE,GB,False
11/08/2018,PIT,CAR,False
11/11/2018,CLE,ATL,False
11/11/2018,GB,MIA,True
11/11/2018,LAR,SEA,False
11/11/2018,NYJ,BUF,False
11/11/2018,OAK,LAC,False
11/11/2018,PHI,DAL,False
11/11/2018,TB,WAS,False
11/11/2018,TEN,NE,False
11/12/2018,SF,NYG,False
11/18/2018,BAL,CIN,False
11/18/2018,LAC,DEN,False
11/18/2018,NYG,TB,False
11/19/2018,LAR,KC,False
11/25/2018,BAL,OAK,False
11/25/2018,CAR,SEA,False
11/25/2018,DEN,PIT,True
11/25/2018,LAC,ARI,False
11/25/2018,NYJ,NE,True
11/25/2018,PHI,NYG,True
11/25/2018,TB,SF,False
12/02/2018,GB,ARI,True
12/02/2018,MIA,BUF,False
12/02/2018,NE,MIN,True
12/02/2018,NYG,CHI,True
12/02/2018,OAK,KC,False
12/02/2018,PIT,LAC,True
12/02/2018,TB,CAR,False
12/02/2018,TEN,NYJ,False
12/03/2018,PHI,WAS,False
12/06/2018,TEN,JAX,False
12/09/2018,CLE,CAR,False
12/09/2018,GB,ATL,False
12/09/2018,KC,BAL,False
12/09/2018,LAC,CIN,False
12/09/2018,MIA,NE,True
12/09/2018,OAK,PIT,False
12/09/2018,SF,DEN,False
12/09/2018,TB,NO,True
12/13/2018,KC,LAC,False
12/15/2018,DEN,CLE,False
12/15/2018,NYJ,HOU,True
12/16/2018,BAL,TB,True
12/16/2018,LAR,PHI,False
12/16/2018,NYG,TEN,True
12/16/2018,PIT,NE,True
12/16/2018,SF,SEA,True
12/17/2018,CAR,NO,False
12/22/2018,LAC,BAL,False
12/22/2018,TEN,WAS,False
12/23/2018,CAR,ATL,False
12/23/2018,CLE,CIN,False
12/23/2018,MIA,JAX,False
12/23/2018,NE,BUF,False
12/23/2018,NYJ,GB,False
12/23/2018,PHI,HOU,False
12/23/2018,SF,CHI,True
12/24/2018,OAK,DEN,True
12/30/2018,BAL,CLE,False
12/30/2018,DEN,LAC,False
12/30/2018,GB,DET,False
12/30/2018,KC,OAK,False
12/30/2018,LAR,SF,False
12/30/2018,NE,NYJ,False
12/30/2018,NYG,DAL,False
12/30/2018,PIT,CIN,False
12/30/2018,TB,ATL,False
12/30/2018,TEN,IND,True
01/06/2019,BAL,LAC,False
01/12/2019,LAR,DAL,True
01/13/2019,NE,LAC,False
